{
  "linear_regression": {
    "rmse": 21172.743772956466,
    "r2": 0.07548167405578043
  },
  "random_forest": {
    "rmse": 11657.05878683241,
    "r2": 0.7197541346768572
  },
  "xgboost": {
    "rmse": 11623.54094069445,
    "r2": 0.7213634252548218
  },
  "ablation": {
    "Exp 1: Structured Only": {
      "rmse": 12820.617145831942,
      "r2": 0.6610161066055298
    },
    "Exp 2: Structured + NLP": {
      "rmse": 12846.507385277915,
      "r2": 0.6596455574035645
    },
    "Exp 3: Structured + CV": {
      "rmse": 12133.032597005582,
      "r2": 0.6964012384414673
    },
    "Exp 4: Full Multimodal": {
      "rmse": 12352.330954115503,
      "r2": 0.6853272914886475
    }
  }
}