{
  "linear_regression": {
    "rmse": 12778.464179327973,
    "r2": 0.6632415046986209
  },
  "random_forest": {
    "rmse": 11541.116940378864,
    "r2": 0.7253010979068386
  },
  "xgboost": {
    "rmse": 11677.023593364878,
    "r2": 0.7187933921813965
  },
  "fraud_auc": 0.4860936575990538,
  "ablation": {
    "Exp 1: Structured Only": {
      "rmse": 12820.617145831942,
      "r2": 0.6610161066055298
    },
    "Exp 2: Structured + NLP": {
      "rmse": 13160.40181757381,
      "r2": 0.6428097486495972
    },
    "Exp 3: Structured + CV": {
      "rmse": 12912.793036365138,
      "r2": 0.6561241745948792
    },
    "Exp 4: Full Multimodal": {
      "rmse": 12978.947260852861,
      "r2": 0.6525917053222656
    }
  }
}